{"main": {"0_faster_r50_1x_raw.bbox": {"Cls": 1.397668703143907, "Loc": 3.7816929634487337, "Both": 0.22188037864729893, "Dupe": 0.0934464631693146, "Bkg": 5.274171312196287, "Miss": 5.665699765627409}}, "special": {"0_faster_r50_1x_raw.bbox": {"FalsePos": 8.09690405433878, "FalseNeg": 9.929984591096598}}}